id,firstname,lastname,email,profession
50,Kimmy,Land,Kimmy.Land@yopmail.com,firefighter
51,Marylou,Edmund,Marylou.Edmund@yopmail.com,developer
52,Alia,Wolfgram,Alia.Wolfgram@yopmail.com,police officer
53,Felice,Smitt,Felice.Smitt@yopmail.com,developer
54,Caressa,Rozanna,Caressa.Rozanna@yopmail.com,developer
55,Wilma,Blase,Wilma.Blase@yopmail.com,worker
56,Teddie,Dom,Teddie.Dom@yopmail.com,police officer
57,Marguerite,Briney,Marguerite.Briney@yopmail.com,developer
58,Paule,Neils,Paule.Neils@yopmail.com,doctor
59,Sheree,Hedve,Sheree.Hedve@yopmail.com,police officer
60,Judy,Vittoria,Judy.Vittoria@yopmail.com,developer
61,Carolina,Armanda,Carolina.Armanda@yopmail.com,worker
62,Carolina,Blisse,Carolina.Blisse@yopmail.com,police officer
63,Julieta,Elvyn,Julieta.Elvyn@yopmail.com,doctor
64,Reeba,Scammon,Reeba.Scammon@yopmail.com,worker
65,Demetris,Garek,Demetris.Garek@yopmail.com,worker
66,Lulita,Phaidra,Lulita.Phaidra@yopmail.com,police officer
67,Danny,Selway,Danny.Selway@yopmail.com,worker
68,Sam,Madaih,Sam.Madaih@yopmail.com,doctor
69,Halette,Katrine,Halette.Katrine@yopmail.com,developer
70,Edyth,Gilmour,Edyth.Gilmour@yopmail.com,doctor
71,Estell,Adore,Estell.Adore@yopmail.com,firefighter
72,Kristina,Denis,Kristina.Denis@yopmail.com,doctor
73,Arabel,Wolfgram,Arabel.Wolfgram@yopmail.com,worker
74,Imojean,Bandeen,Imojean.Bandeen@yopmail.com,worker
75,Winny,Irmine,Winny.Irmine@yopmail.com,worker
76,Lonnie,Colp,Lonnie.Colp@yopmail.com,developer
77,Gusty,Ashely,Gusty.Ashely@yopmail.com,police officer
78,Ada,Parette,Ada.Parette@yopmail.com,doctor
79,Almeta,Pip,Almeta.Pip@yopmail.com,firefighter
80,Charissa,Lynn,Charissa.Lynn@yopmail.com,developer
81,Nicoli,Greyson,Nicoli.Greyson@yopmail.com,developer
82,Alexine,Delp,Alexine.Delp@yopmail.com,doctor
83,Dari,Pascia,Dari.Pascia@yopmail.com,doctor
84,Gertrud,Kauppi,Gertrud.Kauppi@yopmail.com,doctor
85,Annabela,Drus,Annabela.Drus@yopmail.com,firefighter
86,Gisela,Ardra,Gisela.Ardra@yopmail.com,worker
87,Tracey,Horan,Tracey.Horan@yopmail.com,police officer
88,Althea,Anestassia,Althea.Anestassia@yopmail.com,firefighter
89,Ira,Janith,Ira.Janith@yopmail.com,doctor
90,Oona,Whiffen,Oona.Whiffen@yopmail.com,worker
91,Randa,Horan,Randa.Horan@yopmail.com,worker
92,Shel,Plato,Shel.Plato@yopmail.com,firefighter
93,Amalie,Frodi,Amalie.Frodi@yopmail.com,worker
94,Felice,Fennessy,Felice.Fennessy@yopmail.com,firefighter
95,Tera,Sheng,Tera.Sheng@yopmail.com,developer
96,Roz,Glenden,Roz.Glenden@yopmail.com,developer
97,Sara-Ann,Bennie,Sara-Ann.Bennie@yopmail.com,developer
98,Madelle,Rooney,Madelle.Rooney@yopmail.com,developer
99,Shirlee,Lilybelle,Shirlee.Lilybelle@yopmail.com,doctor
100,Beatriz,Germann,Beatriz.Germann@yopmail.com,police officer
101,Janey,Chabot,Janey.Chabot@yopmail.com,developer
102,Ruthe,Hachmin,Ruthe.Hachmin@yopmail.com,firefighter
103,Adore,Garbe,Adore.Garbe@yopmail.com,developer
104,Cathie,Laverne,Cathie.Laverne@yopmail.com,developer
105,Edyth,Orpah,Edyth.Orpah@yopmail.com,worker
106,Jillayne,Goth,Jillayne.Goth@yopmail.com,developer
107,Carilyn,Charity,Carilyn.Charity@yopmail.com,worker
108,Ardys,Boehike,Ardys.Boehike@yopmail.com,police officer
109,Frieda,Even,Frieda.Even@yopmail.com,developer
110,Netty,Ellord,Netty.Ellord@yopmail.com,firefighter
111,Rosanne,LaRue,Rosanne.LaRue@yopmail.com,police officer
112,Anestassia,Havens,Anestassia.Havens@yopmail.com,doctor
113,Cristabel,Grosz,Cristabel.Grosz@yopmail.com,firefighter
114,Ardenia,Ehrman,Ardenia.Ehrman@yopmail.com,firefighter
115,Concettina,Hurley,Concettina.Hurley@yopmail.com,worker
116,Lauryn,Goth,Lauryn.Goth@yopmail.com,police officer
117,Nelle,Tengdin,Nelle.Tengdin@yopmail.com,firefighter
118,Vonny,Standing,Vonny.Standing@yopmail.com,police officer
119,Kylynn,Pernick,Kylynn.Pernick@yopmail.com,firefighter
120,Lindie,Ahab,Lindie.Ahab@yopmail.com,doctor
121,Clo,Riva,Clo.Riva@yopmail.com,developer
122,Pamella,Trinetta,Pamella.Trinetta@yopmail.com,worker
123,Violet,Friede,Violet.Friede@yopmail.com,developer
124,Gavrielle,Ietta,Gavrielle.Ietta@yopmail.com,developer
125,Livvyy,Faro,Livvyy.Faro@yopmail.com,firefighter
126,Mathilda,Erlandson,Mathilda.Erlandson@yopmail.com,doctor
127,Dania,Ralfston,Dania.Ralfston@yopmail.com,police officer
128,Konstance,Juan,Konstance.Juan@yopmail.com,firefighter
129,Imojean,Lindemann,Imojean.Lindemann@yopmail.com,developer
130,Tobe,Schenck,Tobe.Schenck@yopmail.com,worker
131,Hannis,Japeth,Hannis.Japeth@yopmail.com,worker
132,Theodora,Madox,Theodora.Madox@yopmail.com,worker
133,Eugine,Smitt,Eugine.Smitt@yopmail.com,worker
134,Reeba,Granoff,Reeba.Granoff@yopmail.com,firefighter
135,Briney,My,Briney.My@yopmail.com,firefighter
136,Lelah,Doig,Lelah.Doig@yopmail.com,developer
137,Esmeralda,Demitria,Esmeralda.Demitria@yopmail.com,firefighter
138,Nonnah,Madox,Nonnah.Madox@yopmail.com,firefighter
139,Fawne,Orelee,Fawne.Orelee@yopmail.com,police officer
140,Natka,Genna,Natka.Genna@yopmail.com,worker
141,Brooks,Darian,Brooks.Darian@yopmail.com,police officer
142,Violet,Plato,Violet.Plato@yopmail.com,developer
143,Natka,Franza,Natka.Franza@yopmail.com,police officer
144,Christian,Kendrick,Christian.Kendrick@yopmail.com,firefighter
145,Lita,Astra,Lita.Astra@yopmail.com,police officer
146,Janis,Fontana,Janis.Fontana@yopmail.com,doctor
147,Paule,Olympium,Paule.Olympium@yopmail.com,firefighter
148,Thalia,Rocray,Thalia.Rocray@yopmail.com,doctor
149,Britni,Hutchison,Britni.Hutchison@yopmail.com,police officer
